ID,文件名,路径,一级分类,二级分类,风格,道具,颜色,性别,推荐名称,状态,COS_URL,置信度,添加时间
asset_1770400284937_qxalb71e9,"1 (1).jpg","C:\Users\Administrator\Desktop\素材\换脸男\1 (1).jpg",modern,holding_item,festive,lantern,red,male,"现代装-手持道具-喜庆风-灯笼",classified,"",0.95,"2026-02-06T17:51:24.937Z"
asset_1770400300048_bmuovslqb,"a76d54130ba053ce2377bf1a34643382d10b175e2884371f19a1c56803841457.png","C:\Users\Administrator\Desktop\素材\换脸男\a76d54130ba053ce2377bf1a34643382d10b175e2884371f19a1c56803841457.png",caishen,holding_item,festive,couplet,red,male,"财神装-手持道具-喜庆风-春联",classified,"",0.98,"2026-02-06T17:51:40.048Z"
asset_1770400312603_45f1e926w,"AirPods Max 无蓝牙连接电脑 (2).png","C:\Users\Administrator\Desktop\素材\换脸男\AirPods Max 无蓝牙连接电脑 (2).png",modern,standing,elegant,none,mixed,male,"现代装-站立-优雅风-无道具",classified,"",0.92,"2026-02-06T17:51:52.603Z"
asset_1770400322463_tlh1csm0p,"AirPods Max 无蓝牙连接电脑 (3).png","C:\Users\Administrator\Desktop\素材\换脸男\AirPods Max 无蓝牙连接电脑 (3).png",modern,standing,festive,none,mixed,male,"现代装-站立-喜庆风",classified,"",0.9,"2026-02-06T17:52:02.463Z"
asset_1770400330367_b37k1cfus,"s` (347)(1).jpg","C:\Users\Administrator\Desktop\素材\换脸男\s` (347)(1).jpg",modern,holding_item,festive,lucky_charm,red,female,"现代装-手持道具-喜庆风-彩龙饰品",classified,"",0.95,"2026-02-06T17:52:10.367Z"
asset_1770400338653_s1bpmq7he,"微信图片_20260130225122_249_2540.jpg","C:\Users\Administrator\Desktop\素材\换脸男\微信图片_20260130225122_249_2540.jpg",modern,holding_item,festive,lucky_charm,red,male,"现代装-手持道具-喜庆风-福饰",classified,"",0.95,"2026-02-06T17:52:18.653Z"
asset_1770400346704_vukuo6lhr,"微信图片_20260130225357_255_2540.jpg","C:\Users\Administrator\Desktop\素材\换脸男\微信图片_20260130225357_255_2540.jpg",caishen,holding_item,festive,couplet,red,male,"财神装-持道具-喜庆风-春联",classified,"",0.98,"2026-02-06T17:52:26.704Z"
asset_1770400359567_ekaj849ai,"春节真人_男_16.png","C:\Users\Administrator\Desktop\素材\换脸男\春节真人_男_16.png",modern,holding_item,festive,couplet,red,male,"现代装-手持道具-喜庆风-春联",classified,"",0.95,"2026-02-06T17:52:39.567Z"
asset_1770400370739_k9o9sw515,"春节真人_男_23.png","C:\Users\Administrator\Desktop\素材\换脸男\春节真人_男_23.png",modern,holding_item,festive,lucky_charm,red,male,"现代装-手持道具-喜庆风-吉祥物",classified,"",0.95,"2026-02-06T17:52:50.739Z"
asset_1770400382571_t7wluemks,"12345.png","C:\Users\Administrator\Desktop\素材\换脸女\12345.png",hanfu,standing,traditional,none,red,female,"汉服-站立-传统风-无道具",classified,"",0.98,"2026-02-06T17:53:02.571Z"
asset_1770400403239_c4vj793v6,"3 (1).jpg","C:\Users\Administrator\Desktop\素材\换脸女\3 (1).jpg",modern,sitting,festive,lucky_charm,red,female,"现代装-坐姿-喜庆风-福饰",classified,"",0.95,"2026-02-06T17:53:23.239Z"
asset_1770400424958_05c1pt8oh,"3 (2).jpg","C:\Users\Administrator\Desktop\素材\换脸女\3 (2).jpg",modern,other,festive,none,red,female,"现代装-其他-喜庆风-无道具",classified,"",0.92,"2026-02-06T17:53:44.958Z"
asset_1770400450869_0igp9780i,"3 (3).jpg","C:\Users\Administrator\Desktop\素材\换脸女\3 (3).jpg",modern,sitting,festive,lantern,red,female,"现代装-坐姿-喜庆风-灯笼",classified,"",0.95,"2026-02-06T17:54:10.869Z"
asset_1770400473300_umbd225j5,"3 (4).jpg","C:\Users\Administrator\Desktop\素材\换脸女\3 (4).jpg",modern,sitting,festive,none,red,female,"现代装-坐姿-喜庆风",classified,"",0.95,"2026-02-06T17:54:33.300Z"
asset_1770400491008_aewab5o0s,"3 (5).jpg","C:\Users\Administrator\Desktop\素材\换脸女\3 (5).jpg",modern,holding_item,festive,lantern,red,female,"现代装-手持道具-喜庆风-灯笼",classified,"",0.95,"2026-02-06T17:54:51.008Z"
asset_1770400509863_e0deucuqd,"3 (6).jpg","C:\Users\Administrator\Desktop\素材\换脸女\3 (6).jpg",modern,sitting,festive,none,red,female,"现代装-坐姿-喜庆风-无道具",classified,"",0.95,"2026-02-06T17:55:09.863Z"
asset_1770400533283_uo2vuszl4,"3 (7).jpg","C:\Users\Administrator\Desktop\素材\换脸女\3 (7).jpg",modern,holding_item,festive,lucky_charm,red,female,"现代装-手持道具-喜庆风-福饰",classified,"",0.95,"2026-02-06T17:55:33.283Z"
asset_1770400556519_0ztjb43gu,"3 (8).jpg","C:\Users\Administrator\Desktop\素材\换脸女\3 (8).jpg",modern,sitting,festive,lantern,red,female,"现代装-坐姿-喜庆风-灯笼",classified,"",0.95,"2026-02-06T17:55:56.519Z"
asset_1770400575615_0q5u7lctr,"3 (9).jpg","C:\Users\Administrator\Desktop\素材\换脸女\3 (9).jpg",modern,sitting,festive,lantern,red,female,"现代装-坐姿-喜庆风-灯笼",classified,"",0.95,"2026-02-06T17:56:15.615Z"
asset_1770400593387_mezab46mo,"4 (1).jpg","C:\Users\Administrator\Desktop\素材\换脸女\4 (1).jpg",modern,sitting,festive,none,red,female,"现代装-坐姿-喜庆风-无道具",classified,"",0.95,"2026-02-06T17:56:33.387Z"
asset_1770400615954_7kx7h4i0q,"4 (2).jpg","C:\Users\Administrator\Desktop\素材\换脸女\4 (2).jpg",modern,holding_item,playful,none,red,female,"现代装-手持道具-活泼风-无道具",classified,"",0.95,"2026-02-06T17:56:55.954Z"
asset_1770400638257_0uwh3sga5,"4 (3).jpg","C:\Users\Administrator\Desktop\素材\换脸女\4 (3).jpg",modern,holding_item,festive,none,red,female,"现代装-手持道具-喜庆风-无道具",classified,"",0.95,"2026-02-06T17:57:18.257Z"
asset_1770400655631_6jtkqa44g,"4 (4).jpg","C:\Users\Administrator\Desktop\素材\换脸女\4 (4).jpg",modern,sitting,festive,none,red,female,"现代装-坐姿-喜庆风-无道具",classified,"",0.95,"2026-02-06T17:57:35.631Z"
asset_1770400680728_l7os94y2r,"4 (5).jpg","C:\Users\Administrator\Desktop\素材\换脸女\4 (5).jpg",modern,holding_item,festive,none,red,female,"现代装-手持道具-喜庆风-无道具",classified,"",0.95,"2026-02-06T17:58:00.728Z"
asset_1770400701355_np052m7mw,"4 (6).jpg","C:\Users\Administrator\Desktop\素材\换脸女\4 (6).jpg",modern,other,playful,none,red,female,"现代装-其他-活泼风-无道具",classified,"",0.95,"2026-02-06T17:58:21.355Z"
asset_1770400724498_rworkpkcj,"4 (7).jpg","C:\Users\Administrator\Desktop\素材\换脸女\4 (7).jpg",modern,holding_item,elegant,none,red,female,"现代装-手持物品-优雅风-无道具",classified,"",0.95,"2026-02-06T17:58:44.498Z"
asset_1770400768498_phfv7xpjo,"5 (1).jpg","C:\Users\Administrator\Desktop\素材\换脸女\5 (1).jpg",modern,holding_item,festive,red_envelope,red,female,"现代装-手持道具-喜庆风-红包",classified,"",0.95,"2026-02-06T17:59:28.498Z"
asset_1770400777376_i0dgqiytu,"5 (1).png","C:\Users\Administrator\Desktop\素材\换脸女\5 (1).png",modern,holding_item,festive,red_envelope,red,female,"现代装-手持道具-喜庆风-红包",classified,"",0.95,"2026-02-06T17:59:37.376Z"
asset_1770400790904_r6s3whvdq,"5 (10).jpg","C:\Users\Administrator\Desktop\素材\换脸女\5 (10).jpg",qipao,sitting,festive,none,red,female,"旗袍-坐姿-喜庆风-无道具",classified,"",0.95,"2026-02-06T17:59:50.904Z"
asset_1770400807009_4wiahg653,"5 (2).jpg","C:\Users\Administrator\Desktop\素材\换脸女\5 (2).jpg",qipao,holding_item,festive,none,red,female,"旗袍-手持道具-喜庆风-无道具",classified,"",0.95,"2026-02-06T18:00:07.009Z"
asset_1770400817623_5tcfrj28z,"5 (2).png","C:\Users\Administrator\Desktop\素材\换脸女\5 (2).png",qipao,holding_item,festive,red_envelope,red,female,"旗袍-手持道具-喜庆风-红包",classified,"",0.95,"2026-02-06T18:00:17.623Z"
asset_1770400831370_5s1uqpevc,"5 (3).jpg","C:\Users\Administrator\Desktop\素材\换脸女\5 (3).jpg",qipao,standing,festive,none,red,female,"旗袍-站立-喜庆风-无道具",classified,"",0.95,"2026-02-06T18:00:31.370Z"
asset_1770400845764_zvcl79sbu,"5 (4).jpg","C:\Users\Administrator\Desktop\素材\换脸女\5 (4).jpg",qipao,sitting,festive,lantern,red,female,"旗袍-坐姿-喜庆风-灯笼",classified,"",0.95,"2026-02-06T18:00:45.764Z"
asset_1770400860110_t8ccuyt72,"5 (5).jpg","C:\Users\Administrator\Desktop\素材\换脸女\5 (5).jpg",qipao,standing,festive,lantern,red,female,"旗袍-站立-喜庆风-灯笼",classified,"",0.95,"2026-02-06T18:01:00.110Z"
asset_1770400874546_hf7k9pb11,"5 (6).jpg","C:\Users\Administrator\Desktop\素材\换脸女\5 (6).jpg",qipao,holding_item,festive,red_envelope,red,female,"旗袍-手持道具-喜庆风-红包",classified,"",0.98,"2026-02-06T18:01:14.546Z"
asset_1770400893942_tlb9vmhrd,"5 (7).jpg","C:\Users\Administrator\Desktop\素材\换脸女\5 (7).jpg",qipao,holding_item,festive,red_envelope,red,female,"旗袍-手持道具-喜庆风-红包",classified,"",0.95,"2026-02-06T18:01:33.942Z"
asset_1770400906199_ahmqz0mip,"5 (8).jpg","C:\Users\Administrator\Desktop\素材\换脸女\5 (8).jpg",modern,holding_item,festive,red_envelope,red,female,"现代装-手持道具-喜庆风-红包",classified,"",0.95,"2026-02-06T18:01:46.199Z"
asset_1770400920406_471kosv52,"5 (9).jpg","C:\Users\Administrator\Desktop\素材\换脸女\5 (9).jpg",qipao,sitting,festive,none,red,female,"旗袍-坐姿-喜庆风-无道具",classified,"",0.95,"2026-02-06T18:02:00.406Z"
asset_1770400931749_oall0ui2z,"690872624-71ee668d691c87aafbefd14813a00f651caeab6a1961f0f66fb1d5bb0d9eb339.png","C:\Users\Administrator\Desktop\素材\换脸女\690872624-71ee668d691c87aafbefd14813a00f651caeab6a1961f0f66fb1d5bb0d9eb339.png",qipao,holding_item,festive,couplet,gold,female,"旗袍-手持道具-喜庆风-春联",classified,"",0.95,"2026-02-06T18:02:11.749Z"
asset_1770400942504_rkde9pvm0,"99480dd3ed5fb7ab5c4f4cdcaf54ef2d618459260e57e83d6b45cc3540bda0fd.png","C:\Users\Administrator\Desktop\素材\换脸女\99480dd3ed5fb7ab5c4f4cdcaf54ef2d618459260e57e83d6b45cc3540bda0fd.png",hanfu,holding_item,festive,couplet,red,female,"汉服-手持道具-喜庆风-春联",classified,"",0.95,"2026-02-06T18:02:22.504Z"
asset_1770400957084_uuxcev16o,"ab5d31452bf410d5454266b4e93850085b874830c0129a671b045cf3830a3199.png","C:\Users\Administrator\Desktop\素材\换脸女\ab5d31452bf410d5454266b4e93850085b874830c0129a671b045cf3830a3199.png",modern,standing,festive,lantern,red,female,"现代装-站立-喜庆风-灯笼",classified,"",0.95,"2026-02-06T18:02:37.084Z"
asset_1770400971485_0ss3hnayg,"AirPods Max 无蓝牙连接电脑 (1).png","C:\Users\Administrator\Desktop\素材\换脸女\AirPods Max 无蓝牙连接电脑 (1).png",modern,holding_item,festive,lantern,red,female,"现代装-手持道具-喜庆风-灯笼",classified,"",0.95,"2026-02-06T18:02:51.485Z"
asset_1770400984185_qelu09oqz,"AirPods Max 无蓝牙连接电脑.png","C:\Users\Administrator\Desktop\素材\换脸女\AirPods Max 无蓝牙连接电脑.png",modern,holding_item,festive,lucky_charm,red,female,"现代装-手持道具-喜庆风-吉祥物",classified,"",0.95,"2026-02-06T18:03:04.185Z"
asset_1770400995878_d4ke535d0,"ca55e4895f27a14214673ec3a60c37a6b335c001596e5ad15a70153fd24fe4e2.png","C:\Users\Administrator\Desktop\素材\换脸女\ca55e4895f27a14214673ec3a60c37a6b335c001596e5ad15a70153fd24fe4e2.png",tangzhuang,holding_item,festive,couplet,red,female,"唐装-手持道具-喜庆风-春联",classified,"",0.95,"2026-02-06T18:03:15.878Z"
asset_1770401006736_7bjxep229,"e05d4b5b19f2f5e3400e043813c03872d1249d9b99b47593cfa84df69974a060.png","C:\Users\Administrator\Desktop\素材\换脸女\e05d4b5b19f2f5e3400e043813c03872d1249d9b99b47593cfa84df69974a060.png",hanfu,holding_item,festive,couplet,red,female,"汉服-手持道具-喜庆风-春联",classified,"",0.98,"2026-02-06T18:03:26.736Z"
asset_1770401023156_stxahq8vj,"ea886347c2f8abf0e0735a6cd5dbf68e2e542faf19c2e50bb661b8c8c6366f77.png","C:\Users\Administrator\Desktop\素材\换脸女\ea886347c2f8abf0e0735a6cd5dbf68e2e542faf19c2e50bb661b8c8c6366f77.png",hanfu,holding_item,festive,couplet,red,female,"汉服-手持道具-喜庆风-春联",classified,"",0.95,"2026-02-06T18:03:43.156Z"
asset_1770401039079_azx6h14nu,"f4ebde653597b2cdc1d1821e615445f3e421f4b4984175b82f7858dd0643406c.png","C:\Users\Administrator\Desktop\素材\换脸女\f4ebde653597b2cdc1d1821e615445f3e421f4b4984175b82f7858dd0643406c.png",caishen,holding_item,festive,couplet,red,female,"财神装-手持对联-喜庆风-对联",classified,"",0.98,"2026-02-06T18:03:59.079Z"
asset_1770401051885_eccvye9m7,"Gemini_Generated_Image_i5pjhfi5pjhfi5pj.png","C:\Users\Administrator\Desktop\素材\换脸女\Gemini_Generated_Image_i5pjhfi5pjhfi5pj.png",caishen,holding_item,festive,couplet,red,female,"财神装-手持道具-喜庆风-春联",classified,"",0.98,"2026-02-06T18:04:11.885Z"
asset_1770401063594_zgniw0irc,"s` (349)(1).jpg","C:\Users\Administrator\Desktop\素材\换脸女\s` (349)(1).jpg",modern,holding_item,festive,lucky_charm,red,female,"现代装-手持道具-喜庆风-吉祥物",classified,"",0.95,"2026-02-06T18:04:23.594Z"
asset_1770401072054_ymjweq3sy,"微信图片_20260130223342_197_2540.jpg","C:\Users\Administrator\Desktop\素材\换脸女\微信图片_20260130223342_197_2540.jpg",modern,other,festive,none,red,female,"现代装-其他-喜庆风-无道具",classified,"",0.92,"2026-02-06T18:04:32.054Z"
asset_1770401083903_ckaje6v7y,"微信图片_20260130224146_208_2540.jpg","C:\Users\Administrator\Desktop\素材\换脸女\微信图片_20260130224146_208_2540.jpg",modern,holding_item,festive,none,red,female,"现代装-手持道具-喜庆风-无道具",classified,"",0.95,"2026-02-06T18:04:43.903Z"
asset_1770401093703_rxe0ae0hp,"微信图片_20260130225002_242_2540.jpg","C:\Users\Administrator\Desktop\素材\换脸女\微信图片_20260130225002_242_2540.jpg",modern,holding_item,festive,lucky_charm,red,female,"现代装-手持道具-喜庆风-福字挂饰",classified,"",0.95,"2026-02-06T18:04:53.703Z"
asset_1770401107547_h5oknw7pk,"新年写真 (10).jpg","C:\Users\Administrator\Desktop\素材\换脸女\新年写真 (10).jpg",modern,holding_item,festive,lucky_charm,red,female,"现代装-手持道具-喜庆风-吉祥物",classified,"",0.93,"2026-02-06T18:05:07.547Z"
asset_1770401118086_a12ysu90j,"新年写真 (11).jpg","C:\Users\Administrator\Desktop\素材\换脸女\新年写真 (11).jpg",modern,holding_item,festive,couplet,red,female,"现代装-手持道具-喜庆风-春联",classified,"",0.95,"2026-02-06T18:05:18.086Z"
asset_1770401128822_fbeqh2yip,"新年写真 (12).jpg","C:\Users\Administrator\Desktop\素材\换脸女\新年写真 (12).jpg",modern,sitting,festive,lantern,red,female,"现代装-坐姿-喜庆风-灯笼",classified,"",0.95,"2026-02-06T18:05:28.822Z"
asset_1770401139399_kw739931d,"新年写真 (13).jpg","C:\Users\Administrator\Desktop\素材\换脸女\新年写真 (13).jpg",qipao,holding_item,festive,lantern,red,female,"旗袍-手持道具-喜庆风-灯笼",classified,"",0.95,"2026-02-06T18:05:39.399Z"
asset_1770401151346_9yumhojci,"新年写真 (14).jpg","C:\Users\Administrator\Desktop\素材\换脸女\新年写真 (14).jpg",qipao,holding_item,festive,lantern,red,female,"旗袍-手持灯笼-喜庆风-红色",classified,"",0.95,"2026-02-06T18:05:51.346Z"
asset_1770401162141_y37d2byzd,"新年写真 (16).jpg","C:\Users\Administrator\Desktop\素材\换脸女\新年写真 (16).jpg",qipao,holding_item,festive,red_envelope,red,female,"旗袍-手持道具-喜庆风-红包",classified,"",0.95,"2026-02-06T18:06:02.141Z"
asset_1770401173933_za6kbmg3o,"新年写真 (17).jpg","C:\Users\Administrator\Desktop\素材\换脸女\新年写真 (17).jpg",tangzhuang,other,festive,none,red,female,"唐装-其他-喜庆风-无道具",classified,"",0.95,"2026-02-06T18:06:13.933Z"
asset_1770401184933_yge9py180,"新年写真 (18).jpg","C:\Users\Administrator\Desktop\素材\换脸女\新年写真 (18).jpg",qipao,holding_item,festive,lantern,red,female,"旗袍-手持道具-喜庆风-灯笼",classified,"",0.97,"2026-02-06T18:06:24.933Z"
asset_1770401198508_pahaf6sod,"新年写真 (19).jpg","C:\Users\Administrator\Desktop\素材\换脸女\新年写真 (19).jpg",qipao,standing,festive,none,red,female,"旗袍-站立-喜庆风-无道具",classified,"",0.95,"2026-02-06T18:06:38.508Z"
asset_1770401209409_yhz5rtlgj,"新年写真 (20).jpg","C:\Users\Administrator\Desktop\素材\换脸女\新年写真 (20).jpg",modern,holding_item,festive,lantern,red,female,"现代装-手持道具-喜庆风-灯笼",classified,"",0.95,"2026-02-06T18:06:49.409Z"
asset_1770401223269_om14ipaa0,"新年写真 (21).jpg","C:\Users\Administrator\Desktop\素材\换脸女\新年写真 (21).jpg",qipao,holding_item,festive,red_envelope,red,female,"旗袍-手持道具-喜庆风-红包",classified,"",0.95,"2026-02-06T18:07:03.269Z"
asset_1770401236521_nhkrsv6xo,"春节真人_女_01.png","C:\Users\Administrator\Desktop\素材\换脸女\春节真人_女_01.png",modern,holding_item,festive,couplet,red,female,"现代装-手持道具-喜庆风-春联",classified,"",0.95,"2026-02-06T18:07:16.521Z"
asset_1770401254979_dvbuqgi1e,"春节真人_女_04.png","C:\Users\Administrator\Desktop\素材\换脸女\春节真人_女_04.png",tangzhuang,holding_item,festive,couplet,red,female,"唐装-手持道具-喜庆风-春联",classified,"",0.95,"2026-02-06T18:07:34.979Z"
asset_1770401270946_k75ii701x,"春节真人_女_07.png","C:\Users\Administrator\Desktop\素材\换脸女\春节真人_女_07.png",tangzhuang,holding_item,festive,couplet,red,female,"唐装-手持道具-喜庆风-春联",classified,"",0.95,"2026-02-06T18:07:50.946Z"
asset_1770401278132_d8gym0b23,"春节真人_女_09.png","C:\Users\Administrator\Desktop\素材\换脸女\春节真人_女_09.png",modern,holding_item,festive,lucky_charm,red,female,"现代装-持道具-喜庆风-元宝",classified,"",0.95,"2026-02-06T18:07:58.132Z"
asset_1770401292267_553xdche7,"春节真人_女_16.png","C:\Users\Administrator\Desktop\素材\换脸女\春节真人_女_16.png",qipao,standing,festive,none,red,female,"旗袍-站立-喜庆风-无道具",classified,"",0.98,"2026-02-06T18:08:12.267Z"
asset_1770401303735_e2zn3t090,"春节真人_女_18.png","C:\Users\Administrator\Desktop\素材\换脸女\春节真人_女_18.png",modern,holding_item,festive,couplet,red,female,"现代装-手持春联-喜庆风-红色",classified,"",0.95,"2026-02-06T18:08:23.735Z"
asset_1770401313568_24khsaawk,"春节真人_女_22.png","C:\Users\Administrator\Desktop\素材\换脸女\春节真人_女_22.png",hanfu,standing,traditional,none,orange,female,"汉服-站立-传统风-无道具",classified,"",0.95,"2026-02-06T18:08:33.568Z"
asset_1770401324280_7fc21nlzm,"春节真人_女_25.png","C:\Users\Administrator\Desktop\素材\换脸女\春节真人_女_25.png",modern,other,festive,none,red,female,"现代装-其他-喜庆风-无道具",classified,"",0.95,"2026-02-06T18:08:44.280Z"
asset_1770401333740_6va5o1omn,"春节真人_女_35.png","C:\Users\Administrator\Desktop\素材\换脸女\春节真人_女_35.png",qipao,standing,elegant,none,black,female,"旗袍-站立-优雅风-无道具",classified,"",0.98,"2026-02-06T18:08:53.740Z"
asset_1770401346693_0aa517q55,"春节真人_女_57.png","C:\Users\Administrator\Desktop\素材\换脸女\春节真人_女_57.png",qipao,holding_item,festive,lantern,red,female,"旗袍-手持道具-喜庆风-灯笼",classified,"",0.95,"2026-02-06T18:09:06.693Z"
asset_1770401364364_bhll8xlhf,"0e651d3ac759739b9d556be65160fcb165d6b5a9a80df6e204ac08d9997744f1.png","C:\Users\Administrator\Desktop\素材\换脸儿童\0e651d3ac759739b9d556be65160fcb165d6b5a9a80df6e204ac08d9997744f1.png",hanfu,holding_item,festive,lucky_charm,red,child,"汉服-手持道具-喜庆风-金球",classified,"",0.95,"2026-02-06T18:09:24.364Z"
asset_1770401383719_7ntu2dumo,"fe5ab0bdacd924ba46e31c4e7259a83a611c84babde511ce280fa62764b79fa4.png","C:\Users\Administrator\Desktop\素材\换脸儿童\fe5ab0bdacd924ba46e31c4e7259a83a611c84babde511ce280fa62764b79fa4.png",hanfu,sitting,festive,none,red,child,"汉服-坐姿-喜庆风-无道具",classified,"",0.98,"2026-02-06T18:09:43.719Z"
asset_1770401390497_2sh05jjhc,"微信图片_20260130224148_211_2540.jpg","C:\Users\Administrator\Desktop\素材\换脸儿童\微信图片_20260130224148_211_2540.jpg",child_costume,holding_item,festive,lucky_charm,red,child,"儿童装-手持福字-喜庆风-福字",classified,"",0.95,"2026-02-06T18:09:50.497Z"
asset_1770401403977_bjhx1doh7,"微信图片_20260130224152_215_2540.jpg","C:\Users\Administrator\Desktop\素材\换脸儿童\微信图片_20260130224152_215_2540.jpg",child_costume,holding_item,festive,none,red,child,"儿童装-手持道具-喜庆风-无道具",classified,"",0.95,"2026-02-06T18:10:03.977Z"
asset_1770401412562_vz35i5t76,"微信图片_20260130225722_267_2540.jpg","C:\Users\Administrator\Desktop\素材\换脸儿童\微信图片_20260130225722_267_2540.jpg",child_costume,holding_item,festive,lucky_charm,red,child,"儿童装-手持道具-喜庆风-吉祥物",classified,"",0.95,"2026-02-06T18:10:12.562Z"
asset_1770401420231_tfivt8qi4,"春节真人_童_04.png","C:\Users\Administrator\Desktop\素材\换脸儿童\春节真人_童_04.png",modern,other,elegant,none,black,female,"现代装-其他-优雅风-无道具",classified,"",0.95,"2026-02-06T18:10:20.231Z"
asset_1770401431560_2dvir57la,"春节真人_童_08.png","C:\Users\Administrator\Desktop\素材\换脸儿童\春节真人_童_08.png",tangzhuang,holding_item,festive,lucky_charm,red,child,"唐装-手持道具-喜庆风-福字装饰",classified,"",0.95,"2026-02-06T18:10:31.560Z"
asset_1770401447094_dqrs5ad03,"春节真人_童_18.png","C:\Users\Administrator\Desktop\素材\换脸儿童\春节真人_童_18.png",child_costume,holding_item,festive,lucky_charm,red,child,"儿童装-手持道具-喜庆风-吉祥物",classified,"",0.95,"2026-02-06T18:10:47.094Z"
asset_1770401460920_6kdisicbl,"1 (2).jpg","C:\Users\Administrator\Desktop\素材\换脸情侣\1 (2).jpg",couple_costume,couple_interaction,festive,red_envelope,red,couple,"情侣装-情侣互动-喜庆风-红包",classified,"",0.95,"2026-02-06T18:11:00.920Z"
asset_1770401476040_2gzfcedy8,"1 (3).jpg","C:\Users\Administrator\Desktop\素材\换脸情侣\1 (3).jpg",couple_costume,holding_item,festive,red_envelope,red,couple,"情侣装-手持道具-喜庆风-红包",classified,"",0.98,"2026-02-06T18:11:16.040Z"
asset_1770401489486_56qbkl6v0,"1 (4).jpg","C:\Users\Administrator\Desktop\素材\换脸情侣\1 (4).jpg",couple_costume,couple_interaction,festive,red_envelope,red,couple,"情侣装-情侣互动-喜庆风-红包",classified,"",0.95,"2026-02-06T18:11:29.486Z"
asset_1770401509566_de5enlrea,"1 (5).jpg","C:\Users\Administrator\Desktop\素材\换脸情侣\1 (5).jpg",couple_costume,couple_interaction,festive,none,red,couple,"情侣装-互动-喜庆风-无道具",classified,"",0.95,"2026-02-06T18:11:49.566Z"
asset_1770401524206_3kaklvb5a,"1 (6).jpg","C:\Users\Administrator\Desktop\素材\换脸情侣\1 (6).jpg",modern,holding_item,festive,lucky_charm,red,couple,"现代装-手持道具-喜庆风-福字盒",classified,"",0.95,"2026-02-06T18:12:04.206Z"
asset_1770401534161_pu3ic74ga,"s` (348)(1).jpg","C:\Users\Administrator\Desktop\素材\换脸情侣\s` (348)(1).jpg",couple_costume,couple_interaction,playful,none,red,couple,"情侣装-情侣互动-活泼风-无道具",classified,"",0.95,"2026-02-06T18:12:14.161Z"
asset_1770401542909_nfgnpx6ka,"s` (350)(1).jpg","C:\Users\Administrator\Desktop\素材\换脸情侣\s` (350)(1).jpg",couple_costume,couple_interaction,festive,none,red,couple,"情侣装-情侣互动-喜庆风-无道具",classified,"",0.95,"2026-02-06T18:12:22.909Z"
asset_1770401559180_of8j5i9g4,"s` (351)(1).jpg","C:\Users\Administrator\Desktop\素材\换脸情侣\s` (351)(1).jpg",modern,other,festive,none,red,couple,"现代装-其他-喜庆风-无道具",classified,"",0.95,"2026-02-06T18:12:39.180Z"
asset_1770401568023_qg12r2zdl,"s` (352)(1).jpg","C:\Users\Administrator\Desktop\素材\换脸情侣\s` (352)(1).jpg",couple_costume,standing,festive,none,red,couple,"情侣装-站立-喜庆风",classified,"",0.95,"2026-02-06T18:12:48.023Z"
asset_1770401577489_xanfp7fe2,"s` (353)(1).jpg","C:\Users\Administrator\Desktop\素材\换脸情侣\s` (353)(1).jpg",couple_costume,holding_item,festive,couplet,red,couple,"情侣装-手持道具-喜庆风-春联",classified,"",0.95,"2026-02-06T18:12:57.489Z"
asset_1770401587587_44wvqc3f5,"s` (354)(1).jpg","C:\Users\Administrator\Desktop\素材\换脸情侣\s` (354)(1).jpg",modern,sitting,festive,couplet,red,couple,"现代装-坐姿-喜庆风-春联",classified,"",0.95,"2026-02-06T18:13:07.587Z"
asset_1770401598894_f40h4c7qw,"s` (355)(1).jpg","C:\Users\Administrator\Desktop\素材\换脸情侣\s` (355)(1).jpg",modern,sitting,festive,couplet,red,couple,"现代装-坐姿-喜庆风-春联",classified,"",0.95,"2026-02-06T18:13:18.894Z"
asset_1770402697273_fppskd5jr,"4 (8).jpg","C:\Users\Administrator\Desktop\素材\换脸女\4 (8).jpg",modern,holding_item,playful,none,red,female,"现代装-手持道具-活泼风-无道具",classified,"",0.95,"2026-02-06T18:31:37.273Z"
asset_1770402708625_5h75yng24,"1.png","C:\Users\Administrator\Desktop\素材1\1.png",modern,standing,festive,lucky_charm,black,male,"现代装-站立-喜庆风-喜庆道具",classified,"",0.95,"2026-02-06T18:31:48.625Z"
asset_1770402719548_ixmbpewoz,"2.png","C:\Users\Administrator\Desktop\素材1\2.png",modern,greeting,festive,lantern,red,male,"现代装-拜年姿势-喜庆风-灯笼",classified,"",0.95,"2026-02-06T18:31:59.548Z"
asset_1770402734171_m4pm0uj46,"3.png","C:\Users\Administrator\Desktop\素材1\3.png",modern,other,festive,none,black,male,"现代装-其他-喜庆风-无道具",classified,"",0.92,"2026-02-06T18:32:14.171Z"
asset_1770402748006_64u98vjl3,"4.png","C:\Users\Administrator\Desktop\素材1\4.png",modern,other,festive,lucky_charm,black,male,"现代装-其他-喜庆风-福字灯笼",classified,"",0.95,"2026-02-06T18:32:28.006Z"
asset_1770402760345_o5iim780u,"5.png","C:\Users\Administrator\Desktop\素材1\5.png",modern,standing,festive,lucky_charm,black,male,"现代装-站立-喜庆风-喜庆道具",classified,"",0.95,"2026-02-06T18:32:40.345Z"
asset_1770402771361_ji78u3ium,"6.png","C:\Users\Administrator\Desktop\素材1\6.png",modern,standing,festive,none,black,male,"现代装-站立-喜庆风-无道具",classified,"",0.95,"2026-02-06T18:32:51.361Z"
asset_1770402785224_i0fnrfgmh,"图片元素替换与裁剪 (10).png","C:\Users\Administrator\Desktop\素材1\图片元素替换与裁剪 (10).png",tangzhuang,standing,festive,lantern,red,female,"唐装-站立-喜庆风-灯笼",classified,"",0.95,"2026-02-06T18:33:05.224Z"
asset_1770402796449_rd84hlhfc,"图片元素替换与裁剪 (11).png","C:\Users\Administrator\Desktop\素材1\图片元素替换与裁剪 (11).png",tangzhuang,standing,festive,none,red,female,"唐装-站立-喜庆风-无道具",classified,"",0.95,"2026-02-06T18:33:16.449Z"
asset_1770402810952_uunkzv8p7,"图片元素替换与裁剪 (12).png","C:\Users\Administrator\Desktop\素材1\图片元素替换与裁剪 (12).png",qipao,standing,festive,none,red,female,"旗袍-站立-喜庆风-无道具",classified,"",0.95,"2026-02-06T18:33:30.952Z"
asset_1770402825596_3waj9rwqp,"图片元素替换与裁剪 (13).png","C:\Users\Administrator\Desktop\素材1\图片元素替换与裁剪 (13).png",caishen,standing,festive,none,red,female,"财神装-站立-喜庆风-无道具",classified,"",0.95,"2026-02-06T18:33:45.596Z"
asset_1770402838465_kdfp5ai1e,"图片元素替换与裁剪 (14).png","C:\Users\Administrator\Desktop\素材1\图片元素替换与裁剪 (14).png",modern,standing,festive,none,red,female,"现代装-站立-喜庆风-无道具",classified,"",0.95,"2026-02-06T18:33:58.465Z"
asset_1770402850135_iiewx93v7,"图片元素替换与裁剪 (15).png","C:\Users\Administrator\Desktop\素材1\图片元素替换与裁剪 (15).png",tangzhuang,standing,festive,none,red,female,"唐装-站立-喜庆风-无道具",classified,"",0.95,"2026-02-06T18:34:10.135Z"
asset_1770402862435_6vtthhb20,"图片元素替换与裁剪 (16).png","C:\Users\Administrator\Desktop\素材1\图片元素替换与裁剪 (16).png",qipao,sitting,festive,lantern,red,female,"旗袍-坐姿-喜庆风-灯笼",classified,"",0.95,"2026-02-06T18:34:22.435Z"
asset_1770402874041_smal3rety,"图片元素替换与裁剪 (17).png","C:\Users\Administrator\Desktop\素材1\图片元素替换与裁剪 (17).png",qipao,standing,festive,none,red,female,"旗袍-站立-喜庆风-无道具",classified,"",0.98,"2026-02-06T18:34:34.041Z"
asset_1770402886453_av7vzxzv8,"图片元素替换与裁剪 (18).png","C:\Users\Administrator\Desktop\素材1\图片元素替换与裁剪 (18).png",modern,standing,festive,lucky_charm,mixed,female,"现代装-站立-喜庆风-福字装饰",classified,"",0.95,"2026-02-06T18:34:46.453Z"
asset_1770402898605_u3f6bx6ad,"图片元素替换与裁剪 (19).png","C:\Users\Administrator\Desktop\素材1\图片元素替换与裁剪 (19).png",tangzhuang,standing,festive,none,red,female,"唐装-站立-喜庆风-无道具",classified,"",0.95,"2026-02-06T18:34:58.605Z"
asset_1770402911144_ax42lburc,"图片元素替换与裁剪 (2).png","C:\Users\Administrator\Desktop\素材1\图片元素替换与裁剪 (2).png",tangzhuang,standing,festive,none,red,male,"唐装-站立-喜庆风-无道具",classified,"",0.95,"2026-02-06T18:35:11.144Z"
asset_1770402925058_xz6w21ck4,"图片元素替换与裁剪 (20).png","C:\Users\Administrator\Desktop\素材1\图片元素替换与裁剪 (20).png",qipao,holding_item,festive,lantern,red,female,"旗袍-手持道具-喜庆风-灯笼",classified,"",0.98,"2026-02-06T18:35:25.058Z"
asset_1770402937604_cdz42mpke,"图片元素替换与裁剪 (21).png","C:\Users\Administrator\Desktop\素材1\图片元素替换与裁剪 (21).png",hanfu,standing,festive,none,red,child,"汉服-站立-喜庆风-无道具",classified,"",0.95,"2026-02-06T18:35:37.604Z"
asset_1770402949622_pl4nv2zjg,"图片元素替换与裁剪 (22).png","C:\Users\Administrator\Desktop\素材1\图片元素替换与裁剪 (22).png",tangzhuang,standing,festive,none,red,child,"唐装-站立-喜庆风-无道具",classified,"",0.95,"2026-02-06T18:35:49.622Z"
asset_1770402961739_oi1md2rvm,"图片元素替换与裁剪 (23).png","C:\Users\Administrator\Desktop\素材1\图片元素替换与裁剪 (23).png",tangzhuang,standing,festive,none,red,child,"唐装-站立-喜庆风-无道具",classified,"",0.98,"2026-02-06T18:36:01.739Z"
asset_1770402973496_7rwxzt2dz,"图片元素替换与裁剪 (24).png","C:\Users\Administrator\Desktop\素材1\图片元素替换与裁剪 (24).png",caishen,standing,festive,none,red,child,"财神装-站立-喜庆风-无道具",classified,"",0.98,"2026-02-06T18:36:13.496Z"
asset_1770402985804_3j8ch8c1r,"图片元素替换与裁剪 (25).png","C:\Users\Administrator\Desktop\素材1\图片元素替换与裁剪 (25).png",hanfu,standing,festive,none,red,child,"汉服-站立-喜庆风-无道具",classified,"",0.95,"2026-02-06T18:36:25.804Z"
asset_1770402999161_vmrn4pea0,"图片元素替换与裁剪 (26).png","C:\Users\Administrator\Desktop\素材1\图片元素替换与裁剪 (26).png",caishen,greeting,festive,none,red,child,"财神装-拜年姿势-喜庆风-无道具",classified,"",0.98,"2026-02-06T18:36:39.161Z"
asset_1770403010444_plfwykqkc,"图片元素替换与裁剪 (27).png","C:\Users\Administrator\Desktop\素材1\图片元素替换与裁剪 (27).png",child_costume,standing,festive,none,red,child,"儿童装-站立-喜庆风-无道具",classified,"",0.98,"2026-02-06T18:36:50.444Z"
asset_1770403024062_dq75mlhzf,"图片元素替换与裁剪 (28).png","C:\Users\Administrator\Desktop\素材1\图片元素替换与裁剪 (28).png",tangzhuang,standing,festive,none,red,child,"唐装-站立-喜庆风-无道具",classified,"",0.95,"2026-02-06T18:37:04.062Z"
asset_1770403036594_awdvhbr7g,"图片元素替换与裁剪 (29).png","C:\Users\Administrator\Desktop\素材1\图片元素替换与裁剪 (29).png",tangzhuang,standing,festive,none,red,child,"唐装-站立-喜庆风-无道具",classified,"",0.97,"2026-02-06T18:37:16.594Z"
asset_1770403048355_tcdr52u5r,"图片元素替换与裁剪 (3).png","C:\Users\Administrator\Desktop\素材1\图片元素替换与裁剪 (3).png",tangzhuang,sitting,festive,couplet,red,male,"唐装-坐姿-喜庆风-春联",classified,"",0.95,"2026-02-06T18:37:28.355Z"
asset_1770403065093_3gtxknw6d,"图片元素替换与裁剪 (30).png","C:\Users\Administrator\Desktop\素材1\图片元素替换与裁剪 (30).png",tangzhuang,standing,festive,none,red,child,"唐装-站立-喜庆风-无道具",classified,"",0.95,"2026-02-06T18:37:45.093Z"
asset_1770403076450_ld4vqq0ns,"图片元素替换与裁剪 (31).png","C:\Users\Administrator\Desktop\素材1\图片元素替换与裁剪 (31).png",hanfu,standing,festive,none,red,child,"汉服-站立-喜庆风-无道具",classified,"",0.95,"2026-02-06T18:37:56.450Z"
asset_1770403088392_c0yafh37a,"图片元素替换与裁剪 (32).png","C:\Users\Administrator\Desktop\素材1\图片元素替换与裁剪 (32).png",tangzhuang,standing,festive,none,red,child,"唐装-站立-喜庆风-无道具",classified,"",0.95,"2026-02-06T18:38:08.392Z"
asset_1770403102252_nb4fg8fd8,"图片元素替换与裁剪 (33).png","C:\Users\Administrator\Desktop\素材1\图片元素替换与裁剪 (33).png",hanfu,standing,festive,none,red,child,"汉服-站立-喜庆风-无道具",classified,"",0.98,"2026-02-06T18:38:22.252Z"
asset_1770403113549_upp5gpg3k,"图片元素替换与裁剪 (34).png","C:\Users\Administrator\Desktop\素材1\图片元素替换与裁剪 (34).png",tangzhuang,standing,festive,none,red,child,"唐装-站立-喜庆风-无道具",classified,"",0.95,"2026-02-06T18:38:33.549Z"
asset_1770403125653_tgwy3td0l,"图片元素替换与裁剪 (35).png","C:\Users\Administrator\Desktop\素材1\图片元素替换与裁剪 (35).png",hanfu,standing,festive,none,red,child,"汉服-站立-喜庆风-无道具",classified,"",0.95,"2026-02-06T18:38:45.653Z"
asset_1770403139042_zqe9cqjjy,"图片元素替换与裁剪 (36).png","C:\Users\Administrator\Desktop\素材1\图片元素替换与裁剪 (36).png",child_costume,standing,festive,none,red,child,"儿童装-站立-喜庆风-无道具",classified,"",0.95,"2026-02-06T18:38:59.042Z"
asset_1770403155535_7mimhmwbf,"图片元素替换与裁剪 (37).png","C:\Users\Administrator\Desktop\素材1\图片元素替换与裁剪 (37).png",child_costume,standing,festive,none,red,child,"儿童装-站立-喜庆风-无道具",classified,"",0.95,"2026-02-06T18:39:15.535Z"
asset_1770403168031_ulvauihdl,"图片元素替换与裁剪 (39).png","C:\Users\Administrator\Desktop\素材1\图片元素替换与裁剪 (39).png",tangzhuang,standing,festive,none,red,male,"唐装-站立-喜庆风-无道具",classified,"",0.95,"2026-02-06T18:39:28.032Z"
asset_1770403181946_v6ag4f0c3,"图片元素替换与裁剪 (4).png","C:\Users\Administrator\Desktop\素材1\图片元素替换与裁剪 (4).png",tangzhuang,sitting,festive,lantern,red,female,"唐装-坐姿-喜庆风-灯笼",classified,"",0.95,"2026-02-06T18:39:41.946Z"
asset_1770403192900_9gx9zt08p,"图片元素替换与裁剪 (40).png","C:\Users\Administrator\Desktop\素材1\图片元素替换与裁剪 (40).png",tangzhuang,standing,festive,none,red,female,"唐装-站立-喜庆风-无道具",classified,"",0.95,"2026-02-06T18:39:52.900Z"
asset_1770403207298_f5612tpw8,"图片元素替换与裁剪 (41).png","C:\Users\Administrator\Desktop\素材1\图片元素替换与裁剪 (41).png",hanfu,standing,festive,none,red,female,"汉服-站立-喜庆风-无道具",classified,"",0.98,"2026-02-06T18:40:07.298Z"
asset_1770403222446_4lz47tu4w,"图片元素替换与裁剪 (42).png","C:\Users\Administrator\Desktop\素材1\图片元素替换与裁剪 (42).png",tangzhuang,standing,festive,none,red,male,"唐装-站立-喜庆风-无道具",classified,"",0.95,"2026-02-06T18:40:22.446Z"
asset_1770403232022_ehjfdtnkr,"图片元素替换与裁剪 (43).png","C:\Users\Administrator\Desktop\素材1\图片元素替换与裁剪 (43).png",hanfu,standing,festive,none,red,female,"汉服-站立-喜庆风-无道具",classified,"",0.98,"2026-02-06T18:40:32.022Z"
asset_1770403244947_bc0rfmxa0,"图片元素替换与裁剪 (44).png","C:\Users\Administrator\Desktop\素材1\图片元素替换与裁剪 (44).png",caishen,standing,festive,lantern,red,male,"财神装-站立-喜庆风-灯笼",classified,"",0.98,"2026-02-06T18:40:44.947Z"
asset_1770403255942_typay458y,"图片元素替换与裁剪 (45).png","C:\Users\Administrator\Desktop\素材1\图片元素替换与裁剪 (45).png",hanfu,standing,festive,lantern,red,female,"汉服-站立-喜庆风-灯笼",classified,"",0.95,"2026-02-06T18:40:55.942Z"
asset_1770403272937_99ujqz9ir,"图片元素替换与裁剪 (46).png","C:\Users\Administrator\Desktop\素材1\图片元素替换与裁剪 (46).png",caishen,standing,festive,lantern,red,male,"财神装-站立-喜庆风-灯笼",classified,"",0.95,"2026-02-06T18:41:12.937Z"
asset_1770403287443_1i0zp3nvg,"图片元素替换与裁剪 (47).png","C:\Users\Administrator\Desktop\素材1\图片元素替换与裁剪 (47).png",hanfu,standing,traditional,lantern,red,female,"汉服-站立-传统风-灯笼",classified,"",0.97,"2026-02-06T18:41:27.443Z"
asset_1770403303453_t8lcb3tpl,"图片元素替换与裁剪 (48).png","C:\Users\Administrator\Desktop\素材1\图片元素替换与裁剪 (48).png",caishen,standing,festive,none,red,male,"财神装-站立-喜庆风-无道具",classified,"",0.97,"2026-02-06T18:41:43.453Z"
asset_1770403317704_7o61o87s7,"图片元素替换与裁剪 (49).png","C:\Users\Administrator\Desktop\素材1\图片元素替换与裁剪 (49).png",tangzhuang,standing,festive,none,red,female,"唐装-站立-喜庆风-无道具",classified,"",0.95,"2026-02-06T18:41:57.704Z"
asset_1770403329828_t52sb42rp,"图片元素替换与裁剪 (5).png","C:\Users\Administrator\Desktop\素材1\图片元素替换与裁剪 (5).png",hanfu,standing,festive,none,red,female,"汉服-站立-喜庆风-无道具",classified,"",0.95,"2026-02-06T18:42:09.828Z"
asset_1770403342777_w1fz1ih3t,"图片元素替换与裁剪 (50).png","C:\Users\Administrator\Desktop\素材1\图片元素替换与裁剪 (50).png",caishen,standing,festive,lantern,red,male,"财神装-站立-喜庆风-灯笼",classified,"",0.95,"2026-02-06T18:42:22.777Z"
asset_1770403357216_s5mx1g370,"图片元素替换与裁剪 (51).png","C:\Users\Administrator\Desktop\素材1\图片元素替换与裁剪 (51).png",hanfu,standing,festive,lantern,red,female,"汉服-站立-喜庆风-灯笼",classified,"",0.97,"2026-02-06T18:42:37.216Z"
asset_1770403367064_wh0j54d1f,"图片元素替换与裁剪 (52).png","C:\Users\Administrator\Desktop\素材1\图片元素替换与裁剪 (52).png",child_costume,greeting,festive,none,red,child,"儿童服装-拜年姿势-喜庆风-无道具",classified,"",0.98,"2026-02-06T18:42:47.064Z"
asset_1770403378881_2trxtc5e8,"图片元素替换与裁剪 (53).png","C:\Users\Administrator\Desktop\素材1\图片元素替换与裁剪 (53).png",tangzhuang,standing,festive,none,red,child,"唐装-站立-喜庆风-无道具",classified,"",0.95,"2026-02-06T18:42:58.881Z"
asset_1770403389470_4v2igtmwu,"图片元素替换与裁剪 (54).png","C:\Users\Administrator\Desktop\素材1\图片元素替换与裁剪 (54).png",child_costume,standing,festive,none,red,child,"儿童装-站立-喜庆风-无道具",classified,"",0.95,"2026-02-06T18:43:09.470Z"
asset_1770403401824_lra5ha74y,"图片元素替换与裁剪 (55).png","C:\Users\Administrator\Desktop\素材1\图片元素替换与裁剪 (55).png",child_costume,standing,festive,none,red,child,"儿童装-站立-喜庆风-无道具",classified,"",0.98,"2026-02-06T18:43:21.824Z"
asset_1770403413591_ggna8yp0v,"图片元素替换与裁剪 (56).png","C:\Users\Administrator\Desktop\素材1\图片元素替换与裁剪 (56).png",child_costume,greeting,festive,none,red,child,"儿童装-拜年姿势-喜庆风-无道具",classified,"",0.95,"2026-02-06T18:43:33.591Z"
asset_1770403426280_7lyr16p8v,"图片元素替换与裁剪 (57).png","C:\Users\Administrator\Desktop\素材1\图片元素替换与裁剪 (57).png",child_costume,standing,festive,none,red,child,"儿童装-站立-喜庆风-无道具",classified,"",0.97,"2026-02-06T18:43:46.280Z"
asset_1770403439666_qwe54h80j,"图片元素替换与裁剪 (58).png","C:\Users\Administrator\Desktop\素材1\图片元素替换与裁剪 (58).png",tangzhuang,greeting,festive,none,red,child,"唐装-拜年姿势-喜庆风-无道具",classified,"",0.95,"2026-02-06T18:43:59.666Z"
asset_1770403452302_5d4u8wcbd,"图片元素替换与裁剪 (59).png","C:\Users\Administrator\Desktop\素材1\图片元素替换与裁剪 (59).png",caishen,standing,festive,none,red,child,"财神装-站立-喜庆风-无道具",classified,"",0.95,"2026-02-06T18:44:12.302Z"
asset_1770403463239_0ezomuj5v,"图片元素替换与裁剪 (60).png","C:\Users\Administrator\Desktop\素材1\图片元素替换与裁剪 (60).png",child_costume,lucky_gesture,festive,none,red,child,"儿童装-招财手势-喜庆风-无道具",classified,"",0.95,"2026-02-06T18:44:23.239Z"
asset_1770403475166_e121b74jw,"图片元素替换与裁剪 (61).png","C:\Users\Administrator\Desktop\素材1\图片元素替换与裁剪 (61).png",child_costume,greeting,festive,none,red,child,"儿童装-拜年姿势-喜庆风-无道具",classified,"",0.98,"2026-02-06T18:44:35.166Z"
asset_1770403486380_4ld2kf32a,"图片元素替换与裁剪 (62).png","C:\Users\Administrator\Desktop\素材1\图片元素替换与裁剪 (62).png",hanfu,sitting,festive,lantern,red,male,"汉服-坐姿-喜庆风-灯笼",classified,"",0.95,"2026-02-06T18:44:46.380Z"
asset_1770403498211_7rb0rdo35,"图片元素替换与裁剪 (7).png","C:\Users\Administrator\Desktop\素材1\图片元素替换与裁剪 (7).png",hanfu,sitting,festive,lantern,red,female,"汉服-坐姿-喜庆风-灯笼",classified,"",0.95,"2026-02-06T18:44:58.211Z"
asset_1770403510833_uiqqn9f5n,"图片元素替换与裁剪 (8).png","C:\Users\Administrator\Desktop\素材1\图片元素替换与裁剪 (8).png",tangzhuang,sitting,festive,couplet,red,female,"唐装-坐姿-喜庆风-春联",classified,"",0.95,"2026-02-06T18:45:10.833Z"
asset_1770403523099_h8y68l7up,"图片元素替换与裁剪 (9).png","C:\Users\Administrator\Desktop\素材1\图片元素替换与裁剪 (9).png",hanfu,holding_item,festive,couplet,red,female,"汉服-手持道具-喜庆风-春联",classified,"",0.95,"2026-02-06T18:45:23.099Z"
asset_1770403535321_suacdp86k,"图片元素替换与裁剪.png","C:\Users\Administrator\Desktop\素材1\图片元素替换与裁剪.png",hanfu,standing,festive,lantern,red,male,"汉服-站立-喜庆风-灯笼",classified,"",0.95,"2026-02-06T18:45:35.321Z"
asset_1770405136526_66oqctnkt,"12345.png","C:\Users\Administrator\Desktop\素材\换脸女\12345.png",hanfu,standing,traditional,none,red,female,"汉服-站立-传统风-无道具",classified,"",0.97,"2026-02-06T19:12:16.526Z"
asset_1770405154421_4oij6us3z,"AirPods Max 无蓝牙连接电脑 (1).png","C:\Users\Administrator\Desktop\素材\换脸女\AirPods Max 无蓝牙连接电脑 (1).png",modern,holding_item,festive,lantern,red,female,"现代装-手持灯笼-喜庆风-红色",classified,"",0.95,"2026-02-06T19:12:34.421Z"
