source,title,likes,link,timestamp,author,additional_info
reddit_postprocessing,Post Processing Megathread,514,https://www.reddit.com/r/postprocessing/comments/4x91ex/post_processing_megathread/,2016-08-11 17:01:50,cameronrad,postprocessing
reddit_postprocessing,"""Cooked"" is banned.",1012,https://www.reddit.com/r/postprocessing/comments/1lhbcme/cooked_is_banned/,2025-06-22 00:45:48,johnny5ive,postprocessing
reddit_postprocessing,After/Before of beautiful Quiraing Scotland,545,https://www.reddit.com/r/postprocessing/comments/1q6sum9/afterbefore_of_beautiful_quiraing_scotland/,2026-01-07 21:51:55,HeadShot1993,postprocessing
reddit_postprocessing,After/Before. Wanted to go for a autumn/fall edit. How did I do?,410,https://www.reddit.com/r/postprocessing/comments/1q6iowb/afterbefore_wanted_to_go_for_a_autumnfall_edit/,2026-01-07 15:41:23,Successful-Isopod119,postprocessing
reddit_postprocessing,A/B - Masking opinions,13,https://www.reddit.com/r/postprocessing/comments/1q765gl/ab_masking_opinions/,2026-01-08 08:08:36,scoot_shoots,postprocessing
reddit_postprocessing,After/Before - Shot from today at Skopje's Old Bazaar in Macedonia,105,https://www.reddit.com/r/postprocessing/comments/1q6p3p4/afterbefore_shot_from_today_at_skopjes_old_bazaar/,2026-01-07 19:30:21,adamrhodesuk,postprocessing
reddit_postprocessing,Before vs after apple picking,73,https://www.reddit.com/r/postprocessing/comments/1q6qnf6/before_vs_after_apple_picking/,2026-01-07 20:27:30,Ihateadslikeyourmom,postprocessing
reddit_postprocessing,“Painterly Light” after/6 image composites of before,16,https://www.reddit.com/r/postprocessing/comments/1q723hm/painterly_light_after6_image_composites_of_before/,2026-01-08 04:24:19,Poke-Noir,postprocessing
reddit_postprocessing,After / Before - Is the duck still too dark to be the subject?,163,https://www.reddit.com/r/postprocessing/comments/1q6fff5/after_before_is_the_duck_still_too_dark_to_be_the/,2026-01-07 13:31:48,Big_View_7858,postprocessing
reddit_postprocessing,After/ Before - My favourite ever shot,51,https://www.reddit.com/r/postprocessing/comments/1q6p1qp/after_before_my_favourite_ever_shot/,2026-01-07 19:28:20,dunnonauker,postprocessing
reddit_postprocessing,Church in mountains | A / B,36,https://www.reddit.com/r/postprocessing/comments/1q6rd79/church_in_mountains_a_b/,2026-01-07 20:54:49,Complete_Sell_2319,postprocessing
reddit_postprocessing,First time in Krakow. Loved it!,94,https://www.reddit.com/r/postprocessing/comments/1q6gj06/first_time_in_krakow_loved_it/,2026-01-07 14:18:18,bend3Rko,postprocessing
reddit_postprocessing,After / before -at the airport,7,https://www.reddit.com/r/postprocessing/comments/1q7077l/after_before_at_the_airport/,2026-01-08 02:55:18,AndreasHaas246,postprocessing
reddit_postprocessing,B/A - Cape of Good Hope,11,https://www.reddit.com/r/postprocessing/comments/1q6uzwv/ba_cape_of_good_hope/,2026-01-07 23:13:41,c_st1734,postprocessing
reddit_postprocessing,looking for edit feedback: what would you improve here?,3,https://www.reddit.com/r/postprocessing/comments/1q73156/looking_for_edit_feedback_what_would_you_improve/,2026-01-08 05:10:44,vazibice,postprocessing
reddit_postprocessing,After / Before,21,https://www.reddit.com/r/postprocessing/comments/1q6kezs/after_before/,2026-01-07 16:44:40,DrStephen_Stark,postprocessing
reddit_postprocessing,Before / After (Capture One),1654,https://www.reddit.com/r/postprocessing/comments/1q5l379/before_after_capture_one/,2026-01-06 15:08:36,kurutchin,postprocessing
reddit_postprocessing,A/B - Reflections,6,https://www.reddit.com/r/postprocessing/comments/1q6sxkn/ab_reflections/,2026-01-07 21:55:06,Complete_Sell_2319,postprocessing
reddit_postprocessing,"A / B, so wonderful nature!",4,https://www.reddit.com/r/postprocessing/comments/1q6rl82/a_b_so_wonderful_nature/,2026-01-07 21:03:11,Complete_Sell_2319,postprocessing
reddit_postprocessing,After/Before,12,https://www.reddit.com/r/postprocessing/comments/1q6gl9k/afterbefore/,2026-01-07 14:20:52,gokul_nath_g,postprocessing
reddit_postprocessing,Before/After Moody seascape,4,https://www.reddit.com/r/postprocessing/comments/1q6pd5m/beforeafter_moody_seascape/,2026-01-07 19:40:09,jetakphotography,postprocessing
reddit_postprocessing,Update - Final?/Original After/Before,6,https://www.reddit.com/r/postprocessing/comments/1q6imb3/update_finaloriginal_afterbefore/,2026-01-07 15:38:46,Own-Hold-8851,postprocessing
reddit_postprocessing,How much post processing is too much and what is the ideology of this subReddit?,4,https://www.reddit.com/r/postprocessing/comments/1q6pznw/how_much_post_processing_is_too_much_and_what_is/,2026-01-07 20:03:15,Successful-Isopod119,postprocessing
reddit_postprocessing,Before/After 40 Year old photo restoration,5,https://www.reddit.com/r/postprocessing/comments/1q6k5h6/beforeafter_40_year_old_photo_restoration/,2026-01-07 16:34:56,Shy_Joe,postprocessing
reddit_postprocessing,A Window Through the Woods (Before/After),17,https://www.reddit.com/r/postprocessing/comments/1q6bcl7/a_window_through_the_woods_beforeafter/,2026-01-07 09:53:56,Samwell88,postprocessing
reddit_postprocessing,After // before loving the aggressive crop! iPhone 17 pro max.,103,https://www.reddit.com/r/postprocessing/comments/1q5xb6d/after_before_loving_the_aggressive_crop_iphone_17/,2026-01-06 22:29:32,Juliogol,postprocessing
reddit_postprocessing,A/B - Reflections,1,https://www.reddit.com/r/postprocessing/comments/1q6sxe7/ab_reflections/,2026-01-07 21:54:54,Complete_Sell_2319,postprocessing
reddit_postprocessing,After and before,46,https://www.reddit.com/r/postprocessing/comments/1q60yh2/after_and_before/,2026-01-07 00:56:19,ouroboros2decimal718,postprocessing
reddit_postprocessing,"First time editing after my first shooting, I take everything",2,https://www.reddit.com/r/postprocessing/comments/1q6hykt/first_time_editing_after_my_first_shooting_i_take/,2026-01-07 15:14:23,SalutMonYoup,postprocessing
reddit_postprocessing,New to Post Processing,82,https://www.reddit.com/r/postprocessing/comments/1q5rf17/new_to_post_processing/,2026-01-06 18:56:44,itzcoco1,postprocessing
reddit_postprocessing,Before/after tried saving a bad photo,49,https://www.reddit.com/r/postprocessing/comments/1q5vija/beforeafter_tried_saving_a_bad_photo/,2026-01-06 21:22:56,DOVa0024,postprocessing
reddit_postprocessing,Before/After - Edited in Adobe Lightroom,67,https://www.reddit.com/r/postprocessing/comments/1q5sj8v/beforeafter_edited_in_adobe_lightroom/,2026-01-06 19:36:29,adamrhodesuk,postprocessing
reddit_postprocessing,After/Before using Lightroom mobile. How did I do?,382,https://www.reddit.com/r/postprocessing/comments/1q5emj3/afterbefore_using_lightroom_mobile_how_did_i_do/,2026-01-06 10:03:22,Successful-Isopod119,postprocessing
reddit_postprocessing,Before and after,200,https://www.reddit.com/r/postprocessing/comments/1q5ftoa/before_and_after/,2026-01-06 11:12:31,ShafHussain,postprocessing
reddit_postprocessing,After / Before,122,https://www.reddit.com/r/postprocessing/comments/1q5gp1a/after_before/,2026-01-06 12:00:13,StoryPossible3463,postprocessing
reddit_postprocessing,After/Before,1440,https://www.reddit.com/r/postprocessing/comments/1q5035z/afterbefore/,2026-01-05 22:20:44,RevolutionaryMeal734,postprocessing
reddit_postprocessing,Alone in the Redwoods - After / Before,6,https://www.reddit.com/r/postprocessing/comments/1q61ntq/alone_in_the_redwoods_after_before/,2026-01-07 01:26:42,jimmydean6969698,postprocessing
reddit_postprocessing,After/Before - Does rotating a picture look unnatural?,40,https://www.reddit.com/r/postprocessing/comments/1q5le3p/afterbefore_does_rotating_a_picture_look_unnatural/,2026-01-06 15:19:51,Antique-Ad1012,postprocessing
reddit_postprocessing,"How can I achive this look? (Warm, Vibrant, Smooth with a Perfect Skin)",27,https://www.reddit.com/r/postprocessing/comments/1q5nndr/how_can_i_achive_this_look_warm_vibrant_smooth/,2026-01-06 16:42:13,leberkasmitkas,postprocessing
reddit_postprocessing,Where did all my photos go?,1,https://www.reddit.com/r/postprocessing/comments/1q6bs8i/where_did_all_my_photos_go/,2026-01-07 10:20:20,jandromagno_04,postprocessing
reddit_postprocessing,Before vs After – One of My First Shoots,13,https://www.reddit.com/r/postprocessing/comments/1q5rnvs/before_vs_after_one_of_my_first_shoots/,2026-01-06 19:05:10,Jonh-6644,postprocessing
reddit_postprocessing,"First time editing after my first shooting, I take everything",0,https://www.reddit.com/r/postprocessing/comments/1q6hygt/first_time_editing_after_my_first_shooting_i_take/,2026-01-07 15:14:16,SalutMonYoup,postprocessing
reddit_postprocessing,After/ Before - too blue?,9,https://www.reddit.com/r/postprocessing/comments/1q5qqf8/after_before_too_blue/,2026-01-06 18:32:23,dunnonauker,postprocessing
reddit_postprocessing,Before/after Project Pi,6,https://www.reddit.com/r/postprocessing/comments/1q5t6u9/beforeafter_project_pi/,2026-01-06 19:59:36,GrapefruitTerrible76,postprocessing
reddit_postprocessing,Before / After,7,https://www.reddit.com/r/postprocessing/comments/1q5nw19/before_after/,2026-01-06 16:51:00,hikari_and_ink,postprocessing
reddit_postprocessing,Tried something new (after/before),12,https://www.reddit.com/r/postprocessing/comments/1q5ivee/tried_something_new_afterbefore/,2026-01-06 13:40:54,northfacehat,postprocessing
reddit_postprocessing,AI Alterations allowed?,0,https://www.reddit.com/r/postprocessing/comments/1q6hl62/ai_alterations_allowed/,2026-01-07 15:00:20,Boots-Diego-and-Dora,postprocessing
reddit_postprocessing,After/Before,471,https://www.reddit.com/r/postprocessing/comments/1q4q5r7/afterbefore/,2026-01-05 16:23:54,Clauschewitz,postprocessing
reddit_postprocessing,Before and After - Lacrosse Practice,2,https://www.reddit.com/r/postprocessing/comments/1q5whgi/before_and_after_lacrosse_practice/,2026-01-06 21:58:31,Fluffy_Fortune7696,postprocessing
reddit_postprocessing,Before/After,0,https://www.reddit.com/r/postprocessing/comments/1q6dhuf/beforeafter/,2026-01-07 11:58:19,MrAnnoyingCookie,postprocessing
reddit_LearnProgramming,New? READ ME FIRST!,823,https://www.reddit.com/r/learnprogramming/comments/61oly8/new_read_me_first/,2017-03-26 23:07:34,michael0x2a,LearnProgramming
reddit_LearnProgramming,"What have you been working on recently? [January 03, 2026]",5,https://www.reddit.com/r/learnprogramming/comments/1q2ln85/what_have_you_been_working_on_recently_january_03/,2026-01-03 05:00:24,AutoModerator,LearnProgramming
reddit_LearnProgramming,Too many people over think the process in getting started,133,https://www.reddit.com/r/learnprogramming/comments/1q6shnv/too_many_people_over_think_the_process_in_getting/,2026-01-07 21:38:05,Optimal_House_2897,LearnProgramming
reddit_LearnProgramming,Learning to Code as a 15y/o worth it?,12,https://www.reddit.com/r/learnprogramming/comments/1q725t0/learning_to_code_as_a_15yo_worth_it/,2026-01-08 04:27:23,pjasksyou,LearnProgramming
reddit_LearnProgramming,Did anyone else have a very difficult time with Merge Sort Algorithm?,6,https://www.reddit.com/r/learnprogramming/comments/1q6ztxe/did_anyone_else_have_a_very_difficult_time_with/,2026-01-08 02:38:54,BetApprehensive836,LearnProgramming
reddit_LearnProgramming,How do beginners usually approach their first coding project without getting overwhelmed,12,https://www.reddit.com/r/learnprogramming/comments/1q6vnsh/how_do_beginners_usually_approach_their_first/,2026-01-07 23:40:11,Maleficent-Bet-2826,LearnProgramming
reddit_LearnProgramming,What's the best and the fastest way to learn a language?,50,https://www.reddit.com/r/learnprogramming/comments/1q6goc7/whats_the_best_and_the_fastest_way_to_learn_a/,2026-01-07 14:24:24,Aethernoxx,LearnProgramming
reddit_LearnProgramming,Anyone else know Python concepts but freeze when writing code?,2,https://www.reddit.com/r/learnprogramming/comments/1q74osz/anyone_else_know_python_concepts_but_freeze_when/,2026-01-08 06:40:37,wanderlust_employee,LearnProgramming
reddit_LearnProgramming,"I'm soon to start my grad job, should I join a C# or C++ team?",6,https://www.reddit.com/r/learnprogramming/comments/1q6wy1k/im_soon_to_start_my_grad_job_should_i_join_a_c_or/,2026-01-08 00:33:47,Silver-Banana3361,LearnProgramming
reddit_LearnProgramming,Please help me figure backend out,1,https://www.reddit.com/r/learnprogramming/comments/1q77w9u/please_help_me_figure_backend_out/,2026-01-08 09:59:10,Haunting_Tangelo9792,LearnProgramming
reddit_LearnProgramming,Tips for continue the learning,1,https://www.reddit.com/r/learnprogramming/comments/1q76puc/tips_for_continue_the_learning/,2026-01-08 08:44:06,Equal-Worry-1808,LearnProgramming
reddit_LearnProgramming,"How do I transition from ""code that works"" to ""production-ready code""?",23,https://www.reddit.com/r/learnprogramming/comments/1q6hx7n/how_do_i_transition_from_code_that_works_to/,2026-01-07 15:12:58,Amr_Yasser,LearnProgramming
reddit_LearnProgramming,Need help getting my ball to drop smoothly with MatterJS in my Plinko game,2,https://www.reddit.com/r/learnprogramming/comments/1q6zcvk/need_help_getting_my_ball_to_drop_smoothly_with/,2026-01-08 02:18:18,trkbdo221,LearnProgramming
reddit_LearnProgramming,Coderbyte SQL,1,https://www.reddit.com/r/learnprogramming/comments/1q75swm/coderbyte_sql/,2026-01-08 07:47:07,No_Lime_9617,LearnProgramming
reddit_LearnProgramming,Does anyone know about this website,0,https://www.reddit.com/r/learnprogramming/comments/1q74x2o/does_anyone_know_about_this_website/,2026-01-08 06:53:30,yousif-yk,LearnProgramming
reddit_LearnProgramming,Tips for software engineering interview,2,https://www.reddit.com/r/learnprogramming/comments/1q708lz/tips_for_software_engineering_interview/,2026-01-08 02:57:02,fnilsson95,LearnProgramming
reddit_LearnProgramming,"In your opinion, as someone who's done such things for 5+ years, what are the most bang for buck resources today for learning C++? In both Visual Studio and Not-Visual-Studio environments. (Hobbyist asking)",8,https://www.reddit.com/r/learnprogramming/comments/1q6myye/in_your_opinion_as_someone_whos_done_such_things/,2026-01-07 18:15:17,hinterOx,LearnProgramming
reddit_LearnProgramming,Beginner in Coding,27,https://www.reddit.com/r/learnprogramming/comments/1q6d46n/beginner_in_coding/,2026-01-07 11:37:40,PaintingOwn732,LearnProgramming
reddit_LearnProgramming,Injection into null terminated string,1,https://www.reddit.com/r/learnprogramming/comments/1q72pbn/injection_into_null_terminated_string/,2026-01-08 04:54:06,mbensa,LearnProgramming
reddit_LearnProgramming,Which should I learn: C# or Java?,8,https://www.reddit.com/r/learnprogramming/comments/1q6judo/which_should_i_learn_c_or_java/,2026-01-07 16:23:30,Cute-Tangerine-32,LearnProgramming
reddit_LearnProgramming,Regaining motivation to program after layoff,7,https://www.reddit.com/r/learnprogramming/comments/1q6it0n/regaining_motivation_to_program_after_layoff/,2026-01-07 15:45:39,Organic_Photo_3964,LearnProgramming
reddit_LearnProgramming,How do you deal with the feeling after abandoning a project?,10,https://www.reddit.com/r/learnprogramming/comments/1q6gacy/how_do_you_deal_with_the_feeling_after_abandoning/,2026-01-07 14:08:10,SirIll6365,LearnProgramming
reddit_LearnProgramming,C Programming in udemy,4,https://www.reddit.com/r/learnprogramming/comments/1q6n7lj/c_programming_in_udemy/,2026-01-07 18:23:51,steliiii,LearnProgramming
reddit_LearnProgramming,What to know for C# Backend Interview?,0,https://www.reddit.com/r/learnprogramming/comments/1q6yoos/what_to_know_for_c_backend_interview/,2026-01-08 01:49:04,BaxxyNut,LearnProgramming
reddit_LearnProgramming,Should I learn other languages while my primary job is iOS development? I’m confused.,3,https://www.reddit.com/r/learnprogramming/comments/1q6p06f/should_i_learn_other_languages_while_my_primary/,2026-01-07 19:26:41,ms-arch,LearnProgramming
reddit_LearnProgramming,Any (simple) sustainability/green related projects or data problems you have?,1,https://www.reddit.com/r/learnprogramming/comments/1q6xsu7/any_simple_sustainabilitygreen_related_projects/,2026-01-08 01:10:02,RaindropsOnRooftops_,LearnProgramming
reddit_LearnProgramming,"Data analyst, what do I need to know for it?",4,https://www.reddit.com/r/learnprogramming/comments/1q6i275/data_analyst_what_do_i_need_to_know_for_it/,2026-01-07 15:18:09,castiellangels,LearnProgramming
reddit_LearnProgramming,Is this way of System Design seem correct for sw2/3?,2,https://www.reddit.com/r/learnprogramming/comments/1q6pi0z/is_this_way_of_system_design_seem_correct_for_sw23/,2026-01-07 19:45:13,LilCurryBruh,LearnProgramming
reddit_LearnProgramming,Impact of deleting noncurrent S3 object versions on AWS Glue Iceberg tables,2,https://www.reddit.com/r/learnprogramming/comments/1q6p332/impact_of_deleting_noncurrent_s3_object_versions/,2026-01-07 19:29:45,Hairy_Bowler4179,LearnProgramming
reddit_LearnProgramming,Career Decision for future(I’m 15 old),0,https://www.reddit.com/r/learnprogramming/comments/1q75sam/career_decision_for_futureim_15_old/,2026-01-08 07:46:04,A0A1010,LearnProgramming
reddit_LearnProgramming,Help a new guy?,2,https://www.reddit.com/r/learnprogramming/comments/1q6nbdp/help_a_new_guy/,2026-01-07 18:27:30,traumihuman,LearnProgramming
reddit_LearnProgramming,"Im a SAHM and I have an interest in coding, no prior background in it but I genuinely like it",33,https://www.reddit.com/r/learnprogramming/comments/1q632we/im_a_sahm_and_i_have_an_interest_in_coding_no/,2026-01-07 02:28:09,Existing_Switch_4995,LearnProgramming
reddit_LearnProgramming,Not able to understand the Topic partitioning and consumer group relation in kafka,0,https://www.reddit.com/r/learnprogramming/comments/1q6sgud/not_able_to_understand_the_topic_partitioning_and/,2026-01-07 21:36:56,No-Homework-6153,LearnProgramming
reddit_LearnProgramming,funny thing,4,https://www.reddit.com/r/learnprogramming/comments/1q6iiti/funny_thing/,2026-01-07 15:35:10,Ok-Message5348,LearnProgramming
reddit_LearnProgramming,I can't learn,0,https://www.reddit.com/r/learnprogramming/comments/1q758yx/i_cant_learn/,2026-01-08 07:12:36,jano_gonzzz,LearnProgramming
reddit_LearnProgramming,"How long do you commit to ""figuring out a problem"" before looking up the solution?",4,https://www.reddit.com/r/learnprogramming/comments/1q6d4nz/how_long_do_you_commit_to_figuring_out_a_problem/,2026-01-07 11:38:25,Fabulous-Sweet-3172,LearnProgramming
reddit_LearnProgramming,How to work with Large UTF 8 files,11,https://www.reddit.com/r/learnprogramming/comments/1q699yo/how_to_work_with_large_utf_8_files/,2026-01-07 07:41:55,Ayush-Prabhat,LearnProgramming
reddit_LearnProgramming,"why are we still teaching ""intro to programming"" the same way for quant finance?",0,https://www.reddit.com/r/learnprogramming/comments/1q767qs/why_are_we_still_teaching_intro_to_programming/,2026-01-08 08:12:32,daniel_odiase,LearnProgramming
reddit_LearnProgramming,how to find open source projects,1,https://www.reddit.com/r/learnprogramming/comments/1q6r4vw/how_to_find_open_source_projects/,2026-01-07 20:45:51,TrickyBarracuda9618,LearnProgramming
reddit_LearnProgramming,Instability,0,https://www.reddit.com/r/learnprogramming/comments/1q6r1vb/instability/,2026-01-07 20:42:45,Various-Paint6294,LearnProgramming
reddit_LearnProgramming,What should i do to start learning for the prospect of work?,0,https://www.reddit.com/r/learnprogramming/comments/1q6pqaf/what_should_i_do_to_start_learning_for_the/,2026-01-07 19:53:43,lllAgelll,LearnProgramming
reddit_LearnProgramming,Script organization?,3,https://www.reddit.com/r/learnprogramming/comments/1q6fwh8/script_organization/,2026-01-07 13:52:08,MannyRouge,LearnProgramming
reddit_LearnProgramming,How to structure a production grade Angular Monorepo for separate User and Admin portals?,4,https://www.reddit.com/r/learnprogramming/comments/1q6dbur/how_to_structure_a_production_grade_angular/,2026-01-07 11:49:21,Shaveen2004,LearnProgramming
reddit_LearnProgramming,How do you deal with feeling “too slow” in your first tech job?,2,https://www.reddit.com/r/learnprogramming/comments/1q6h3rf/how_do_you_deal_with_feeling_too_slow_in_your/,2026-01-07 14:41:27,Automatic-Neck-7684,LearnProgramming
reddit_LearnProgramming,Confused about tech jobs with a 6 CGPA. What should I actually study?,0,https://www.reddit.com/r/learnprogramming/comments/1q6myh5/confused_about_tech_jobs_with_a_6_cgpa_what/,2026-01-07 18:14:51,WeirdCupcake9509,LearnProgramming
reddit_LearnProgramming,i need help,0,https://www.reddit.com/r/learnprogramming/comments/1q6mho5/i_need_help/,2026-01-07 17:58:43,4lbu5_,LearnProgramming
reddit_LearnProgramming,Why do different languages use different log levels?,0,https://www.reddit.com/r/learnprogramming/comments/1q6low8/why_do_different_languages_use_different_log/,2026-01-07 17:30:35,Fluent_Press2050,LearnProgramming
reddit_LearnProgramming,Newbie who wants to start learning programming,1,https://www.reddit.com/r/learnprogramming/comments/1q6khsd/newbie_who_wants_to_start_learning_programming/,2026-01-07 16:47:26,Exo-Bin,LearnProgramming
reddit_LearnProgramming,"Quicksort partition – 3rd call result should be 1, I don’t get it",3,https://www.reddit.com/r/learnprogramming/comments/1q6bs2y/quicksort_partition_3rd_call_result_should_be_1_i/,2026-01-07 10:20:06,Hot_Risk_9591,LearnProgramming
reddit_LearnProgramming,"Tutorials, books, blogs do they Prepare You for the Industry?",14,https://www.reddit.com/r/learnprogramming/comments/1q613ic/tutorials_books_blogs_do_they_prepare_you_for_the/,2026-01-07 01:02:09,Mental_Gur9512,LearnProgramming
github,n8n,167365,https://github.com/n8n-io/n8n,2019-06-22 09:24:21,n8n-io,"Fair-code workflow automation platform with native AI capabilities. Combine visual building with custom code, self-host or cloud, 400+ integrations."
github,dify,125185,https://github.com/langgenius/dify,2023-04-12 07:40:24,langgenius,Production-ready platform for agentic workflow development.
github,puppeteer,93229,https://github.com/puppeteer/puppeteer,2017-05-09 22:16:13,puppeteer,JavaScript API for Chrome and Firefox
github,core,83966,https://github.com/home-assistant/core,2013-09-17 07:29:48,home-assistant,:house_with_garden: Open source home automation that puts local control and privacy first.
github,playwright,80938,https://github.com/microsoft/playwright,2019-11-15 18:32:42,microsoft,"Playwright is a framework for Web Testing and Automation. It allows testing Chromium, Firefox and WebKit with a single API. "
github,ansible,67586,https://github.com/ansible/ansible,2012-03-06 14:58:02,ansible,"Ansible is a radically simple IT automation platform that makes your applications and systems easier to deploy and maintain. Automate everything from code deployment to network configuration to cloud management, in a language that approaches plain English, using SSH, with no agents to install on remote systems. https://docs.ansible.com."
github,MoneyPrinterTurbo,48808,https://github.com/harry0703/MoneyPrinterTurbo,2024-03-11 02:57:34,harry0703,利用AI大模型，一键生成高清短视频 Generate short videos with one click using AI LLM.
github,huginn,48468,https://github.com/huginn/huginn,2013-03-10 06:00:31,huginn,Create agents that monitor and act on your behalf.  Your agents are standing by!
github,acme.sh,45239,https://github.com/acmesh-official/acme.sh,2015-12-26 12:56:33,acmesh-official,A pure Unix shell script ACME client for SSL / TLS certificate automation
github,airflow,43776,https://github.com/apache/airflow,2015-04-13 18:04:58,apache,"Apache Airflow - A platform to programmatically author, schedule, and monitor workflows"
